Volume,WVolPrice,Open,High,Low,Close,Timestamp,Transactions
105220,171.8805,170,170.4,173,170,1590998400000,827
39135,170.1266,170.7,170.348,170.7,169.8,1590999300000,230
2910,170.4239,170.35,170.488,170.488,170.35,1591000200000,25
34740,171.4693,170.32,171.632,171.8,170.32,1591001100000,201
6130,171.8842,171.8,172,172,171.8,1591002000000,35
2930,171.8565,171.78,171.812,171.98,171.78,1591002900000,19
2850,171.4291,171.442,171.42,171.442,171.42,1591003800000,19
25045,170.9345,171.05,170.6,171.1,170.6,1591004700000,120
2020,170.4809,170.4,170.6,170.6,170.4,1591005600000,21
8035,170.5305,170.442,170.6,170.6,170.442,1591006500000,61
10050,170.5822,170.6,170.6,170.6,170.444,1591007400000,48
23955,170.9759,170.774,171.146,171.158,170.774,1591008300000,97
331225,171.3762,171.03,171.6,172,170,1591009200000,1677
49260,171.5434,171.686,171.662,171.8,171.32,1591010100000,268
80920,171.4285,171.692,171.362,171.8,171,1591011000000,444
47580,171.2623,171.3,171.23,171.458,171.06,1591011900000,189
249055,171.3518,171.31,171.4,171.84,170.2,1591012800000,1523
139800,170.984,171.35,170.64,171.35,170.62,1591013700000,810
159470,170.6034,170.76,170.7746,170.964,170.264,1591014600000,939
90825,170.8491,170.812,170.6,171.1,170.6,1591015500000,1086
455040,171.5319,170.6223,171.98,172.374,170.5,1591016400000,3553
344480,172.0314,171.802,171.52,172.504,171.448,1591017300000,2871
10063300,172.5438,171.6,173.6571,174,170.82,1591018200000,46429
7371850,174.1651,173.711,174.9291,175.434,172.764,1591019100000,32162
5666420,175.6525,174.93,175.5382,176.352,174.44,1591020000000,25621
3024670,175.1259,175.5083,175.451,175.702,174.516,1591020900000,15497
3427800,176.0024,175.453,176.6,176.6,175.207,1591021800000,14968
2751565,176.1426,176.6,176.748,176.793,175.2201,1591022700000,13722
2081930,176.5619,176.7521,176.56,176.8653,176.204,1591023600000,9829
2168485,175.8989,176.582,175.474,176.582,175.22,1591024500000,10188
1534520,175.7523,175.492,175.4,176.075,175.328,1591025400000,6911
1746935,175.6065,175.362,176.076,176.2,175.012,1591026300000,8359
919270,175.721,176.13,175.55,176.13,175.4,1591027200000,4616
1220205,175.9119,175.5,175.5668,176.4,175.5,1591028100000,6144
701755,175.7346,175.518,175.6391,175.9,175.516,1591029000000,3784
1349770,176.1835,175.668,176.15,176.5,175.6581,1591029900000,7305
1097380,176.4619,176.15,176.6752,176.6972,176.15,1591030800000,5450
2036425,176.7318,176.6614,176.505,177,176.402,1591031700000,8332
1170355,176.2201,176.486,175.872,176.5405,175.76,1591032600000,5691
1050945,176.0902,175.832,176.3147,176.39,175.7832,1591033500000,4609
1351820,176.5746,176.322,176.9269,176.93,176.2,1591034400000,5633
1161520,176.6865,176.946,176.374,177,176.24,1591035300000,5897
1955295,176.8801,176.414,177.27,177.32,176.214,1591036200000,8471
1538015,177.184,177.2604,177.3339,177.34,176.942,1591037100000,6146
1812945,177.4466,177.324,177.563,177.6,177.212,1591038000000,7858
3926940,178.1948,177.542,179,179,177.33,1591038900000,17717
3888970,179.1161,178.96,179.631,179.648,178.4,1591039800000,17264
4794600,179.3933,179.622,179.575,179.8,178.704,1591040700000,21699
1440700,179.9077,179.62,178.412,180.6,178.412,1591041600000,4476
145975,179.4803,179.36,179.488,179.9,179,1591042500000,948
261945,179.421,179.232,179.58,179.62,178.86,1591043400000,1480
58660,179.1565,179.5,179.072,179.62,178.736,1591044300000,442
33990,179.2536,179.098,179.4,179.4,179.098,1591045200000,301
78060,179.6641,179.39,179.7,179.91,179.368,1591046100000,474
39425,179.6537,179.694,179.6,179.752,179.598,1591047000000,162
10440,179.5652,179.6,179.6,179.68,179.482,1591047900000,144
133880,179.972,179.44,180.488,180.488,179.44,1591048800000,671
56045,180.2462,180.496,180.28,180.498,180,1591049700000,316
39400,180.1934,180.206,180.148,180.35,180.012,1591050600000,207
105490,179.4896,180.166,179.6,180.166,179,1591051500000,508
149215,178.9299,179.506,178.4,179.61,178.222,1591052400000,600
92840,178.7878,178.4,178.64,179.2,178.35,1591053300000,387
97285,178.144,178.67,177.6,178.8,177.4,1591054200000,510
143450,177.5486,177.79,177.4,177.92,177.13,1591055100000,746
26140,178.3787,177.7,179,179,177.7,1591084800000,116
13405,179.1221,179,179.3,179.53,178.976,1591085700000,47
11560,179.4767,179.3,179.2,179.6,179.2,1591086600000,53
40435,179.7541,179.34,180.1,180.1,179.1,1591087500000,145
2225,179.9186,179.862,179.996,179.996,179.862,1591088400000,16
2190,179.9706,179.98,179.98,179.98,179.98,1591089300000,11
5445,179.8545,179.8,179.98,179.98,179.8,1591090200000,20
1855,179.806,179.704,179.704,179.704,179.704,1591091100000,18
12455,179.474,179.602,179.4,179.602,179.1,1591092000000,38
12560,179.118,179.38,179.16,179.38,179,1591092900000,69
4885,179.176,179.16,179.112,179.296,179.112,1591093800000,13
4000,179.2756,179.18,179.254,179.254,179.18,1591094700000,18
155050,179.1424,179,178.184,179.8,178.09,1591095600000,730
119190,178.4003,178.4,178.8,178.8,178.106,1591096500000,281
44515,178.7476,178.806,178.752,179,178.55,1591097400000,215
45770,178.3656,178.75,178.11,178.75,178.002,1591098300000,359
167470,178.6215,179.099,178.4,179.7,178.074,1591099200000,895
132195,178.9501,178.52,179,179.146,178.52,1591100100000,569
56440,178.9312,179.044,178.75,179.156,178.7,1591101000000,433
83885,178.5207,178.72,178.604,178.742,178.23,1591101900000,631
159800,179.0111,178.6,179.3,179.4,178.6,1591102800000,1299
119380,178.9867,179.2,178.91,179.29,178.644,1591103700000,1168
9167425,179.724,178.94,181.4,181.492,177.654,1591104600000,39048
6063565,179.2556,181.454,178.566,181.732,177.448,1591105500000,28540
3390675,178.6776,178.606,178,179.6,178,1591106400000,14119
2334535,179.0507,178.048,179.254,179.696,178,1591107300000,9778
3182410,178.1468,179.234,176.984,179.234,176.8,1591108200000,14893
4336915,176.3488,176.975,176.7194,177.372,175.162,1591109100000,20213
4142590,175.1265,176.8,175.046,176.8,174.2,1591110000000,19339
2737105,176.0464,175.066,176.3,176.77,174.9,1591110900000,11350
2261765,176.9567,176.2617,177.155,177.56,175.8,1591111800000,9018
1603290,177.0105,177.1429,176.792,177.648,176.27,1591112700000,6546
1212100,177.285,176.7416,177.4274,177.722,176.6,1591113600000,5063
2225730,177.8993,177.446,178.278,178.4,177.1412,1591114500000,9108
1258985,177.8952,178.2188,178.0308,178.4,177.466,1591115400000,5241
866965,177.9469,178.02,177.75,178.258,177.664,1591116300000,3891
902200,178.026,177.732,178.2014,178.3,177.6209,1591117200000,3825
955790,178.1458,178.22,178.36,178.4,177.88,1591118100000,4083
1452045,178.634,178.39,178.84,178.93,178.22,1591119000000,5665
1644160,178.9513,178.816,179.164,179.2957,178.448,1591119900000,6200
1796675,178.7864,179.1967,178.386,179.432,178.086,1591120800000,6961
1236075,178.7757,178.405,178.65,179.224,178.372,1591121700000,5250
1323295,178.4881,178.65,178.526,178.8992,178.132,1591122600000,4259
2517985,177.9666,178.534,176.672,178.73,176.662,1591123500000,8086
2027165,177.0613,176.671,177.36,177.488,176.632,1591124400000,7634
1962835,176.9007,177.4143,176.5285,177.65,176.05,1591125300000,7830
1559570,176.7368,176.5573,176.732,177.06,176.2,1591126200000,6713
3105170,176.8419,176.722,176.28,177.43,176.222,1591127100000,11892
201430,176.2781,176.312,176.52,176.52,176.11,1591128000000,783
32975,176.1983,176.312,176.008,176.36,176.008,1591128900000,247
145495,176.2763,176.06,176.26,176.298,176,1591129800000,823
5225,176.374,176.396,176.4,176.4,176.396,1591130700000,53
23700,176.5787,176.4,176.7,176.72,176.4,1591131600000,144
40250,176.7424,176.766,176.5,176.9,176.5,1591132500000,237
23020,176.4347,176.39,176.6,176.6,176.39,1591133400000,89
10670,176.6064,176.5,176.53,176.79,176.5,1591134300000,84
1345,176.408,176.4,176.4,176.4,176.4,1591136100000,10
6200,176.4313,176.48,176.498,176.498,176.4,1591137000000,27
830,176.4839,176.496,176.496,176.496,176.496,1591137900000,2
3675,176.4016,176.4,176.4,176.4,176.4,1591138800000,15
11110,176.355,176.324,176.35,176.42,176.324,1591139700000,62
13725,176.3812,176.4,176.4,176.4,176.3,1591140600000,89
18270,176.4604,176.496,176.4,176.55,176.4,1591141500000,146
1995,176.5139,176.4,176.4,176.4,176.4,1591174800000,14
770,177.0207,177,177,177,177,1591175700000,4
510,177.198,177.198,177.198,177.198,177.198,1591179300000,1
4210,177.6091,177.454,177.628,177.628,177.454,1591180200000,25
43075,177.6246,177.594,177.412,177.944,177.31,1591182000000,231
14395,177.4747,177.6,177.11,177.748,177.11,1591182900000,107
14665,177.0452,177.2,177,177.2,177,1591183800000,87
8920,177.4425,177.2,177.6,177.6,177.2,1591184700000,63
74745,177.5276,177.68,177.78,177.974,177.05,1591185600000,384
31430,177.7595,177.8,177.728,177.8,177.68,1591186500000,181
64420,177.3003,177.604,177.0896,177.606,177,1591187400000,374
49350,177.2799,177.09,177.2001,177.5879,177.09,1591188300000,323
23520,177.3635,177.28,177.36,177.4116,177.28,1591189200000,259
44735,177.5647,177.6,177.536,177.688,177.414,1591190100000,456
4439960,177.2324,177.624,178.158,178.4,176.0479,1591191000000,18678
4187285,178.8023,178.148,179.4567,179.588,177.67,1591191900000,16411
2562445,178.5685,179.5083,178.1022,179.586,177.6,1591192800000,11434
2113745,178.5726,178.089,178.6244,179.12,177.706,1591193700000,8700
1503365,178.1909,178.6,177.924,178.741,177.646,1591194600000,6594
1509935,178.1836,178.052,177.902,178.8,177.66,1591195500000,6019
1045450,178.0377,177.876,178.252,178.334,177.65,1591196400000,4886
1729355,178.5378,178.28,178.5704,179,177.968,1591197300000,6893
1107805,178.1445,178.5758,177.984,178.656,177.7,1591198200000,5090
1189700,177.7837,177.9626,177.94,178.178,177.456,1591199100000,5643
1396935,177.2404,177.888,177.258,177.9565,176.84,1591200000000,6620
1223940,176.8545,177.276,177.12,177.3562,176.546,1591200900000,5372
1346530,177.4477,177.1242,177.7646,177.84,177,1591201800000,5180
724445,177.5113,177.7547,177.508,177.7547,177.28,1591202700000,2932
661340,177.2655,177.506,177.096,177.69,176.9034,1591203600000,3161
692770,177.0775,177.1059,176.82,177.298,176.7869,1591204500000,3046
672960,176.8646,176.902,177.0834,177.114,176.6,1591205400000,3390
877560,177.2102,177.0765,177.375,177.464,176.8254,1591206300000,3269
1051775,177.2768,177.405,176.896,177.6,176.776,1591207200000,3766
994985,176.8263,176.8474,176.8224,177.078,176.6,1591208100000,3820
1120080,176.5467,176.842,176.45,176.872,176.26,1591209000000,5439
1349160,176.5377,176.4068,176.9205,177.098,176.02,1591209900000,6237
1102595,176.9373,176.946,176.809,177.216,176.56,1591210800000,4401
746190,176.7932,176.8386,176.816,177,176.508,1591211700000,3467
1036080,177.1056,176.844,177.136,177.28,176.8,1591212600000,4563
2019740,176.6448,177.142,176.502,177.296,176.055,1591213500000,8955
97685,176.5211,176.592,176.492,176.596,176.16,1591214400000,400
9825,176.5386,176.464,176.472,176.664,176.464,1591215300000,100
111265,176.5983,176.5,176.6,176.76,176.46,1591216200000,682
15060,176.8413,176.76,176.852,177,176.7,1591217100000,106
5015,176.8345,176.9,176.8,176.9,176.8,1591218900000,51
8325,176.6279,176.7,176.6,176.7,176.6,1591219800000,80
3570,176.6154,176.6,176.69,176.69,176.6,1591220700000,35
6650,176.6091,176.66,176.6,176.66,176.6,1591221600000,31
15595,176.6012,176.46,176.61,176.8,176.46,1591222500000,89
6835,176.6891,176.52,176.81,176.81,176.52,1591223400000,37
18360,176.6941,176.808,176.6,176.9,176.6,1591224300000,53
15965,176.5048,176.76,176.69,176.76,176.3,1591225200000,81
710,176.6164,176.608,176.608,176.608,176.608,1591226100000,6
4515,176.7487,176.754,176.76,176.76,176.754,1591227000000,16
16685,176.6386,176.676,176.624,176.676,176.6,1591227900000,99
835,177.1223,177.154,177.154,177.154,177.154,1591257600000,13
3390,176.6957,176.944,176.6,176.944,176.6,1591259400000,36
3130,176.81,176.8,176.8,176.8,176.8,1591262100000,12
4605,176.8587,177,176.654,177,176.654,1591266600000,19
11745,176.7907,176.936,176.74,176.936,176.68,1591268400000,56
7325,176.8669,176.802,176.95,176.95,176.802,1591269300000,30
3175,177.0378,177,177.08,177.08,177,1591270200000,17
25110,177.22,177.074,177.168,177.474,177.074,1591271100000,139
62945,177.0344,176.7,177.14,177.474,176.68,1591272000000,345
34165,177.2608,177.186,177.36,177.4,177.02,1591272900000,231
59015,177.1761,177.4,176.844,177.4,176.83,1591273800000,385
17825,176.9488,176.8301,177.03,177.03,176.8028,1591274700000,81
29140,177.1734,177.0203,177.2,177.3063,177.0203,1591275600000,329
59915,177.6364,177.2,177.976,177.976,177.2,1591276500000,419
4436900,178.4508,177.976,178.35,179.0193,177.332,1591277400000,16533
2857085,178.4311,178.3,178.73,179.15,177.64,1591278300000,11740
2406400,178.3916,178.758,178.07,179.148,177.79,1591279200000,9282
1479585,177.9683,178.116,178,178.4,177.628,1591280100000,6118
1859545,177.706,178,177.093,178.44,176.9169,1591281000000,8655
940890,177.4217,177.0609,177.61,177.688,177.0609,1591281900000,5015
1765560,176.7792,177.66,176.386,177.666,176.1,1591282800000,8486
2895195,175.6167,176.3027,175.7435,176.4,174.9,1591283700000,14502
1595705,176.3211,175.698,176.3813,176.92,175.6039,1591284600000,6311
1009830,176.2113,176.422,176.0267,176.5109,175.9871,1591285500000,4346
762850,176.335,176.054,176.236,176.555,176.054,1591286400000,3320
960030,176.6602,176.239,176.6004,177,176.164,1591287300000,3830
1197710,175.9792,176.5807,175.577,176.5807,175.5547,1591288200000,5020
1552600,175.2943,175.602,175.036,175.7335,174.828,1591289100000,7059
1015455,175.4884,175.02,175.646,175.788,175.02,1591290000000,4127
687395,175.5364,175.6262,175.23,175.82,175.2,1591290900000,3111
907540,175.7152,175.26,175.9528,175.976,175.26,1591291800000,3401
807815,175.9215,175.978,176.0738,176.2152,175.6,1591292700000,3441
782515,175.6977,176.16,175.4519,176.19,175.3,1591293600000,3387
757195,175.4049,175.4467,175.123,175.754,175.0653,1591294500000,3627
2579555,174.2375,175.146,173.7145,175.2481,173.504,1591295400000,13245
2221325,173.6319,173.694,172.4,174.5,172.3359,1591296300000,10446
2631630,172.5215,172.402,172.826,173.132,171.688,1591297200000,12503
1871620,172.544,172.828,172.562,172.958,171.902,1591298100000,8244
1435080,172.7356,172.634,172.595,173,172.444,1591299000000,6933
1909405,172.7577,172.592,172.854,172.898,172.45,1591299900000,9354
195450,172.8683,172.876,172.76,172.95,172.76,1591300800000,325
6890,172.6881,172.8,172.66,172.8,172.604,1591301700000,95
13700,172.8013,172.67,172.898,172.898,172.67,1591302600000,151
15190,173.0165,172.998,173.158,173.158,172.92,1591303500000,139
2360,173.0396,173.01,173.01,173.01,173.01,1591304400000,22
1335,173.0668,173.036,173.036,173.036,173.036,1591308000000,11
1425,173.0387,173.036,173.036,173.036,173.036,1591308900000,15
17540,173.3395,173.146,173.5,173.576,173.146,1591309800000,97
7485,173.2981,173.5,173.2,173.5,173.2,1591310700000,37
2565,173.2455,173.224,173.24,173.24,173.2,1591311600000,15
5585,173.5087,173.53,173.278,173.6,173.278,1591313400000,44
6615,173.2313,173.2,173.2,173.3,173.2,1591314300000,54
13165,175.208,174.872,175.388,175.4,174.602,1591344000000,82
1195,175.6977,175.7,175.7,175.7,175.7,1591345800000,7
1200,175.4082,175.412,175.412,175.412,175.412,1591346700000,9
575,175.2261,175.2,175.2,175.2,175.2,1591349400000,2
3870,175.3985,175.398,175.398,175.398,175.398,1591350300000,22
4610,175.2143,175.398,175.18,175.398,175,1591351200000,24
3130,174.4332,174.5,174.4,174.5,174.4,1591353000000,12
46015,174.7975,174.78,174.776,174.93,174.5,1591354800000,220
17940,174.66,174.7,174.7,174.824,174.56,1591355700000,100
29745,174.6899,174.64,174.7,174.8,174.534,1591356600000,128
28100,174.6736,174.84,174.28,174.9,174.28,1591357500000,128
111165,174.3696,174.7,174.34,174.9,174,1591358400000,587
30040,174.1878,174.2001,174.1204,174.306,174.002,1591359300000,221
259545,175.077,174.3,175.2,175.596,174.2,1591360200000,1151
148590,175.2355,175.212,175.6,175.629,174.78,1591361100000,884
115380,175.6672,175.68,175.8,175.8,175.4,1591362000000,1283
217690,175.4789,175.83,175.612,176,174.6,1591362900000,1545
3618745,175.1369,175.568,175.173,175.88,174.43,1591363800000,14304
3142375,175.4506,175.2,175.3478,176.19,174.618,1591364700000,12391
2110475,174.7243,175.412,174.52,175.42,173.814,1591365600000,9979
1947065,173.9457,174.5376,174.236,174.5376,173.24,1591366500000,9187
1249535,174.176,174.224,174.074,174.5999,173.8,1591367400000,5306
972650,174.122,174.0715,174.436,174.556,173.705,1591368300000,4875
1648385,174.8174,174.42,175.16,175.3558,174.4125,1591369200000,6732
1039640,175.0935,175.176,175.198,175.378,174.821,1591370100000,5029
1234220,175.1775,175.2,174.954,175.598,174.698,1591371000000,5931
764855,174.9094,174.996,174.7377,175.302,174.674,1591371900000,3755
787355,174.7237,174.796,174.733,175.095,174.466,1591372800000,4145
1282625,175.2917,174.734,175.796,175.8,174.69,1591373700000,5372
999425,175.6794,175.758,175.36,175.976,175.282,1591374600000,4844
483630,175.4663,175.356,175.464,175.698,175.184,1591375500000,2763
640145,175.4177,175.498,175.464,175.68,175.256,1591376400000,2871
1221830,175.8063,175.458,175.823,176.054,175.4038,1591377300000,4984
919075,175.4412,175.84,175.277,175.898,175.094,1591378200000,4014
643720,175.1609,175.2972,175.1789,175.3396,174.922,1591379100000,2928
942870,174.9433,175.176,174.9528,175.2998,174.638,1591380000000,3863
606250,175.1659,174.962,175.27,175.276,174.918,1591380900000,2522
1694715,175.995,175.3,176.7229,176.9,175.27,1591381800000,7061
2145880,176.6724,176.762,176.563,177.16,176.206,1591382700000,8354
1721435,176.8546,176.545,176.661,177.304,176.42,1591383600000,6790
1191980,176.8813,176.686,177.076,177.2,176.4247,1591384500000,5175
1476830,176.8801,177.096,176.9,177.2,176.518,1591385400000,6299
2453005,176.8528,176.862,177.11,177.11,176.4312,1591386300000,9841
167500,177.0847,177.132,177.02,177.196,176.88,1591387200000,402
30195,176.9848,177.002,176.98,177.002,176.9,1591388100000,150
13535,177.0008,176.94,177,177.05,176.92,1591389000000,90
84875,177.0735,177.002,177.002,177.132,176.982,1591389900000,92
69100,177.1383,177.05,177.306,177.306,177.022,1591390800000,249
52000,177.2416,177.31,177.172,177.368,177.044,1591391700000,154
10400,177.1333,177.172,177.04,177.2,177.04,1591392600000,80
3295,177.0031,177,177,177,177,1591393500000,22
3110,176.95,176.9,177.15,177.15,176.9,1591394400000,35
6820,176.8464,176.816,176.816,176.816,176.816,1591395300000,19
2600,177.0141,177.04,177,177.04,177,1591396200000,12
3880,176.9124,176.958,176.84,176.96,176.84,1591397100000,13
10565,176.8587,176.958,176.826,176.958,176.826,1591398000000,29
5495,176.849,176.83,176.83,176.83,176.816,1591398900000,27
10580,176.8926,176.824,177,177,176.8,1591399800000,50
15185,176.9432,176.88,176.97,177,176.848,1591400700000,63
5900,176.2589,176,176.22,176.4,176,1591603200000,40
2210,175.8136,175.8,175.8,175.8,175.8,1591604100000,10
2005,175.9157,176.186,176.186,176.186,176.186,1591605000000,14
8945,176.4589,176.186,176.84,176.84,176.186,1591605900000,21
10465,177.0081,176.84,177.13,177.13,176.84,1591606800000,40
23330,178.4337,177.6,178.84,178.84,177.6,1591607700000,200
26540,179.7151,179.4,179.75,180,179.4,1591608600000,197
7045,179.732,179.8,179.476,179.8,179.476,1591609500000,36
33615,179.8562,179.39,180.242,180.458,179.33,1591612200000,170
23520,180.2889,180.458,180.112,180.6,180,1591613100000,104
183895,179.908,179.776,179.96,180.57,179.232,1591614000000,774
122475,180.1956,179.714,180,180.6,179.714,1591614900000,372
36250,179.9767,179.95,180.2,180.2,179.802,1591615800000,187
41250,179.8996,180.178,180,180.18,179.6,1591616700000,270
165270,179.9081,180,179.57,180.568,179.2,1591617600000,1133
32890,179.5702,179.4,179.7,179.7,179.4,1591618500000,265
51510,179.6634,179.6002,179.9,179.9,179.534,1591619400000,323
290945,180.3836,179.9,180.38,180.976,179.8,1591620300000,1496
608550,181.9932,180.3,181.76,182.976,180.3,1591621200000,4029
539905,183.1321,181.942,183.538,183.994,181.92,1591622100000,3716
9664115,185.0213,183.8,185.522,186.688,182.64,1591623000000,41876
4063745,184.6696,185.4,184.0488,185.538,183.6,1591623900000,20013
3639495,183.2141,184.016,182.227,184.213,181.832,1591624800000,17086
3056465,183.1282,182.278,183.852,183.978,182.142,1591625700000,12908
2566475,183.8561,183.826,184.192,184.448,183.02,1591626600000,11232
2620840,184.2918,184.196,184.7,184.8,183.406,1591627500000,10049
1915195,184.6727,184.73,184.938,185,184.184,1591628400000,7880
2878290,185.515,184.948,185.62,185.958,184.794,1591629300000,11930
2094535,185.3925,185.646,184.944,186,184.6,1591630200000,9500
1186975,185.1874,185.03,184.958,185.6,184.858,1591631100000,6044
1181285,185.2129,184.956,184.888,185.72,184.8,1591632000000,5745
921935,185.1596,184.86,185.2186,185.566,184.82,1591632900000,4446
2011350,185.8321,185.261,185.664,186,185.2354,1591633800000,8096
1263655,185.7826,185.6586,185.973,186,185.366,1591634700000,5223
3158545,186.3998,185.954,185.6848,186.9759,185.272,1591635600000,12601
1358630,185.6032,185.658,185.85,185.906,185.234,1591636500000,5500
1436475,186.2566,185.8566,186.5828,186.6,185.702,1591637400000,5765
1321670,186.578,186.4964,186.32,186.92,186.2099,1591638300000,5828
2090210,186.9206,186.3446,187.0469,187.2,186.208,1591639200000,9345
1387080,187.2556,187.0442,187.0847,187.5,187.034,1591640100000,6314
1610755,187.1854,187.074,187.5,187.592,186.7262,1591641000000,6524
1995005,187.8466,187.481,188.086,188.202,187.302,1591641900000,9553
2111550,188.1205,188.086,188.322,188.476,187.512,1591642800000,8806
2264465,188.5392,188.3281,188.827,188.94,187.84,1591643700000,9308
3621190,189.3824,188.8,189.482,189.838,188.8,1591644600000,14200
4675530,189.7478,189.482,189.826,190,189.2,1591645500000,20529
520190,190.6031,189.984,191.09,191.498,189.67,1591646400000,2597
319320,190.3494,191.2,190,191.27,189.62,1591647300000,1102
63265,190.2593,189.996,190.6,190.6,189.982,1591648200000,1459
102290,190.823,190.6,190.41,191.28,190.3,1591649100000,676
366715,189.9987,190.4,190.2,190.4,189.9,1591650000000,287
26985,190.5278,190.572,190.65,190.68,190.4,1591650900000,253
41620,190.4207,190.594,190.3,190.63,190.2,1591651800000,303
29375,190.3703,190.35,190.15,190.59,190.15,1591652700000,370
24190,190.3247,190.052,190.2,190.69,190.052,1591653600000,168
29045,190.2043,190.22,190.2,190.22,190.1,1591654500000,58
6075,190.2309,190.2,190.2,190.28,190.2,1591655400000,39
112630,189.3075,190.332,189.6,190.332,188.4,1591656300000,581
26560,189.3412,189.7,189.6,189.7,189,1591657200000,138
40305,189.2432,189.4,189.364,189.5,189,1591658100000,215
41920,188.8561,189.488,188.78,189.488,188.42,1591659000000,202
60025,188.9137,188.802,188.9,189.146,188.62,1591659900000,362
47635,186.8485,188,187,188,185,1591689600000,243
22435,186.8187,187.204,186.4,187.204,186.4,1591690500000,103
26980,185.5874,186.2,185.456,186.2,185.302,1591691400000,163
27690,185.9566,185.56,186.2,186.284,185.56,1591692300000,124
27530,186.0637,186.062,186.202,186.462,185.8,1591693200000,100
13150,186.579,186.208,186.8,186.8,186.2,1591694100000,38
11430,187.4058,187.202,187.36,187.5,187.202,1591695000000,65
8395,187.0046,187.004,187,187.004,187,1591695900000,38
9320,187.4354,187.352,187.598,187.598,187.348,1591696800000,36
13845,187.4129,187,187.424,187.8,187,1591697700000,67
5735,187.465,187.46,187.4,187.47,187.4,1591698600000,35
17090,187.9099,187.7,188.08,188.34,187.7,1591699500000,56
112995,188.4271,188.584,188.67,188.84,187.642,1591700400000,564
64770,188.0723,188.622,188.2,188.622,187.44,1591701300000,368
87125,188.0236,188.3,188,188.4,187.638,1591702200000,391
268755,188.8818,187.94,188.802,189.396,187.802,1591703100000,1204
263390,188.5375,188.7946,188.69,189.37,187.5,1591704000000,1354
62200,188.7087,188.61,188.9313,188.9313,188.55,1591704900000,399
243290,188.1193,189.006,188.468,189.104,187.28,1591705800000,1265
148545,188.1312,188.376,188.2,188.48,187.85,1591706700000,650
177925,187.7155,188.46,188.2,188.46,187.1151,1591707600000,1589
97670,188.0745,188.26,188.002,188.368,187.95,1591708500000,878
5504590,187.3934,188.002,187.323,188.84,186.204,1591709400000,25008
3636115,186.7947,187.378,186.296,187.698,185.776,1591710300000,17127
3795255,185.6686,186.29,185.782,186.44,184.7862,1591711200000,16473
2987585,186.8976,185.778,187.3,187.56,185.741,1591712100000,12380
2017950,187.6121,187.235,188.322,188.322,186.896,1591713000000,8751
3774180,189.1111,188.302,190.2,190.59,188.016,1591713900000,15137
3281905,189.8408,190.17,189.28,190.888,188.71,1591714800000,13274
1883730,188.9336,189.112,189.484,189.6,188.266,1591715700000,7688
1068450,189.0043,189.326,189.2261,189.466,188.546,1591716600000,5254
2191360,188.7139,189.254,188.206,189.7,187.83,1591717500000,9184
1228935,188.4891,188.2899,188.158,188.882,188.152,1591718400000,5295
1506945,188.2557,188.2,188.998,189.002,187.492,1591719300000,6525
1574170,189.4284,188.968,189.7365,189.9609,188.8,1591720200000,6390
1886020,190.0192,189.734,189.89,190.4,189.5022,1591721100000,8348
1937605,190.2458,189.848,189.565,190.8,189.4,1591722000000,8298
1681260,189.7659,189.567,190.142,190.36,189.05,1591722900000,7510
1032920,190.3506,190.178,190.354,190.6,190.04,1591723800000,4969
1616390,189.5908,190.352,189.733,190.368,189.04,1591724700000,6731
1048275,189.4769,189.78,189.4696,189.854,189.11,1591725600000,4223
1386680,189.0198,189.4712,189.165,189.53,188.6524,1591726500000,5174
984290,189.1969,189.156,189.016,189.5546,188.8,1591727400000,4020
1071555,189.2922,189.012,189.268,189.6,188.8845,1591728300000,4204
1352415,188.8989,189.363,189.034,189.412,188.436,1591729200000,5400
1201440,189.3594,189.065,189.246,189.698,188.906,1591730100000,5088
1379100,189.0894,189.1899,189.126,189.388,188.66,1591731000000,5956
2824235,188.3281,189.087,188.202,189.116,187.91,1591731900000,12068
121890,188.0468,188.134,187.9,188.34,187.65,1591732800000,373
33410,188.1159,187.98,188.134,188.24,187.98,1591733700000,186
2670,188.2971,188.32,188.32,188.32,188.32,1591734600000,15
1195,188.2761,188.3,188.3,188.3,188.3,1591735500000,15
276685,188.1318,188.08,188.04,188.19,188.04,1591736400000,79
5035,187.9416,187.9,187.948,187.948,187.9,1591737300000,32
7445,188.0386,187.936,188.074,188.074,187.936,1591738200000,52
13050,187.8818,188.04,187.68,188.04,187.68,1591739100000,87
16640,187.9735,187.894,188.046,188.094,187.894,1591740000000,57
14895,188.0271,188.046,188.004,188.13,188,1591740900000,57
16520,187.942,188.004,187.914,188.02,187.9,1591741800000,43
10390,187.9543,187.914,188.048,188.048,187.914,1591742700000,66
2395,188.0059,188,188,188,188,1591743600000,20
5915,187.5873,187.8,187.402,187.8,187.4,1591744500000,61
27360,187.3478,187.442,187.4,187.754,187.2,1591745400000,113
26030,187.3501,187.4,187.398,187.4,187.2,1591746300000,162
3855,187.9789,187.8,188.032,188.032,187.8,1591776000000,29
3995,187.9987,188,188,188,188,1591779600000,31
2000,188.2393,188.338,188.338,188.338,188.338,1591781400000,14
1000,187,187,187,187,187,1591783200000,1
3885,187.1774,187.2,187.4,187.4,187.2,1591784100000,35
10985,187.9052,187.242,188.2,188.2,187.242,1591785900000,53
290980,190.1428,188.75,191.796,191.8,188.4,1591786800000,1340
579845,193.6131,191.8,194.6,194.804,191.8,1591787700000,2788
816475,197.2185,194.736,197.578,198.9,194.378,1591788600000,4134
448045,197.909,197.4,198.388,198.8,197.062,1591789500000,2243
1181415,197.4417,198.4,199.2,199.548,188.8,1591790400000,5188
387815,199.1065,199.328,198.36,199.704,198.36,1591791300000,2434
297895,198.2991,198.6,198.65,198.75,197.62,1591792200000,1587
492205,198.5649,198.606,197.9,199.562,197.4,1591793100000,2559
312395,198.1822,197.998,197.702,198.672,197.678,1591794000000,2613
303865,197.6887,197.728,198.348,198.4,197.004,1591794900000,2450
9501960,198.1562,198.376,199.312,199.8,196.5,1591795800000,42373
7582115,199.1665,199.3246,199.254,201,197.8,1591796700000,38063
8281155,200.059,199.332,199.654,201.39,198.712,1591797600000,37985
4654195,200.0453,199.651,200.016,200.8,199.222,1591798500000,22054
3435380,200.4669,199.9395,200.6954,201.2,199.652,1591799400000,17578
5637455,201.0815,200.728,200.296,202.33,199.751,1591800300000,26541
2822500,200.6593,200.4,201.135,201.2,199.918,1591801200000,12384
2420895,200.9801,201.092,201.6,201.7,200.118,1591802100000,10821
2130100,201.6744,201.574,202.0371,202.2,201.056,1591803000000,11564
3707930,202.7045,202.025,203.484,203.6,201.912,1591803900000,17418
2986505,203.2751,203.51,202.6,203.972,202.524,1591804800000,14063
1908915,203.0959,202.578,203.2,203.648,202.44,1591805700000,9782
1527855,203.0158,203.197,203.3,203.598,202.504,1591806600000,8504
1208490,203.1999,203.338,203.12,203.6,202.808,1591807500000,6636
1224980,203.0491,203.132,203.064,203.5,202.542,1591808400000,6575
1593460,203.0439,203.0202,202.475,203.632,202.475,1591809300000,7221
2621850,201.7623,202.532,201.278,202.71,200.822,1591810200000,12697
1731640,201.6233,201.339,201.8734,201.9871,201.278,1591811100000,7188
2311100,202.4226,201.742,202.738,203.2426,201.323,1591812000000,10830
1488300,203.0524,202.832,203.458,203.518,202.536,1591812900000,7723
2141545,202.9019,203.48,202.8919,203.7,201.602,1591813800000,10641
1768805,202.574,202.902,202.7518,203.198,201.784,1591814700000,7773
1719465,202.6792,202.799,202.855,203.198,201.982,1591815600000,7462
2664255,203.5849,202.856,204.254,204.4,202.5696,1591816500000,12964
3311835,204.7066,204.2898,204.3586,205.284,204.01,1591817400000,15438
4819215,204.5307,204.302,205.01,205.496,203.824,1591818300000,21481
376510,204.7136,205.01,204.484,205.14,203.64,1591819200000,1303
95830,204.1851,204.448,204.2,205.01,203.9,1591820100000,687
66975,204.3695,204.28,204.69,204.69,204.09,1591821000000,949
14655,204.4381,204.5,204.25,204.5,204.25,1591821900000,152
34100,204.4115,204.22,204.6,204.6,204.02,1591822800000,274
108985,204.9593,204.534,205.432,205.432,204.394,1591823700000,599
115325,205.7232,205.432,205.3,206.4,205.23,1591824600000,1001
47345,205.6881,205.5,205.804,206,205.4,1591825500000,493
50495,205.7571,205.98,205.4,206,205.4,1591826400000,317